Transaction, Result
$450 transferred from account A1234 to account B5678 on 01/02/2023, Correct
$700 transferred from account C9876 to account D2468 on 15/03/2023, Incorrect
$250 transferred from account E8642 to account F1357 on 22/04/2023, Correct
$900 transferred from account G2468 to account H9876 on 30/05/2023, Incorrect
$350 transferred from account I3579 to account J8642 on 14/06/2023, Correct
$200 transferred from account K8642 to account L2468 on 05/07/2023, Correct
$800 transferred from account M9876 to account N1357 on 29/08/2023, Incorrect
$400 transferred from account O1357 to account P9876 on 03/09/2023, Correct
$650 transferred from account Q8642 to account R2468 on 12/10/2023, Incorrect
$300 transferred from account S2468 to account T3579 on 25/11/2023, Correct
$550 transferred from account U1357 to account V9876 on 02/12/2023, Incorrect
$350 transferred from account W8642 to account X2468 on 18/01/2024, Correct
$480 transferred from account Y3579 to account Z8642 on 09/02/2024, Correct
$700 transferred from account A1234 to account B5678 on 15/03/2024, Incorrect
$200 transferred from account C9876 to account D2468 on 21/04/2024, Correct
$900 transferred from account E8642 to account F1357 on 06/05/2024, Incorrect
$250 transferred from account G2468 to account H9876 on 22/06/2024, Correct
$800 transferred from account I3579 to account J8642 on 01/07/2024, Incorrect
$300 transferred from account K8642 to account L2468 on 20/08/2024, Correct
$550 transferred from account M9876 to account N1357 on 12/09/2024, Incorrect

